"","eip"
"1",0.39
"2",0.18
"3",0.12
"4",0.14
"5",0.21
"6",0.74
"7",0.19
"8",0.22
"9",0.18
"10",0.32
"11",0.2
"12",0.15
"13",0.68
"14",0.09
"15",0.53
"16",0.2
"17",0.16
"18",0.9
"19",0.29
"20",0.53
"21",0.18
"22",0.24
"23",0.4
"24",0.25
"25",0.16
"26",0.13
"27",0.13
"28",0.45
"29",0.07
"30",0.16
"31",0.2
"32",0.28
"33",0.11
"34",0.31
"35",0.89
"36",1
"37",0.11
"38",0.35
"39",0.28
"40",0.52
"41",0.2
"42",0.14
"43",0.28
"44",0.82
"45",0.98
"46",0.58
"47",0.05
"48",0.22
"49",0.39
"50",0.19
"51",0.1
"52",0.12
"53",0.29
"54",0.06
"55",0.14
"56",0.14
"57",0.05
"58",0.07
"59",0.07
"60",0.29
"61",0.02
"62",0.03
"63",0.09
"64",0.08
"65",0.13
"66",1
"67",0.33
"68",0.1
"69",0.25
"70",0.14
"71",0.23
"72",0.22
"73",0.72
"74",0.14
"75",0.39
"76",0.16
"77",0.05
"78",0.25
"79",0.08
"80",0.46
"81",0.19
"82",0.26
"83",0.15
"84",0.35
"85",0.15
"86",0.16
"87",0.18
"88",0.29
"89",0.29
"90",0.25
"91",0.13
"92",0.09
"93",0.17
"94",0.09
"95",0.21
"96",0.14
"97",0.1
"98",0.24
"99",0.17
"100",0.2
"101",0.34
"102",0.11
"103",0.15
"104",0.52
"105",0.94
"106",0.1
"107",0.12
"108",0.24
"109",0.18
"110",0.55
"111",0.1
"112",0.17
"113",0.29
"114",0.09
"115",0.62
"116",0.05
"117",0.17
"118",0.41
"119",0.66
"120",1
"121",0.14
"122",0.05
"123",0.13
"124",0.15
"125",0.18
"126",0.05
"127",0.24
"128",0.14
"129",0.2
"130",0.11
"131",0.07
"132",0.35
"133",0.09
"134",0.17
"135",0.28
"136",0.17
"137",0.13
"138",0.21
"139",0.19
"140",0.11
"141",0.27
"142",0.11
"143",0.16
"144",0.3
"145",0.23
"146",0.14
"147",0.18
"148",0.05
"149",0.33
"150",0.15
"151",0.14
"152",0.15
"153",0.97
"154",0.19
"155",0.35
"156",0.1
"157",0.08
"158",0.06
"159",0.09
"160",0.08
"161",0.12
"162",0.2
"163",0.08
"164",0.05
"165",0.23
"166",0.26
"167",0.11
"168",0.21
"169",0.09
"170",0.99
"171",1
"172",0.18
"173",0.14
"174",0.1
"175",0.38
"176",0.11
"177",0.12
"178",0.13
"179",0.11
"180",0.16
"181",0.12
"182",0.06
"183",0.25
"184",0.35
"185",0.14
"186",0.15
"187",0.13
"188",1
"189",0.98
"190",1
"191",0.27
"192",0.32
"193",0.09
"194",0.23
"195",0.51
"196",0.23
"197",0.11
"198",0.15
"199",0.1
"200",0.31
"201",0.13
"202",0.11
"203",0.15
"204",0.24
"205",0.14
"206",0.27
"207",0.24
"208",0.09
"209",0.04
"210",0.09
"211",0.19
"212",0.12
"213",0.33
"214",0.11
"215",0.15
"216",0.11
"217",0.2
"218",0.09
"219",0.12
"220",0.09
"221",0.06
"222",0.05
"223",0.07
"224",0.31
"225",0.1
"226",0.12
"227",0.11
"228",0.09
"229",0.13
"230",0.1
"231",0.73
"232",0.1
"233",0.13
"234",0.19
"235",0.34
"236",0.07
"237",0.49
"238",0.16
"239",0.09
"240",0.07
"241",0.21
"242",0.21
"243",0.06
"244",0.12
"245",0.25
"246",0.12
"247",0.11
"248",0.05
"249",0.13
"250",0.1
"251",0.12
"252",0.25
"253",0.14
"254",0.14
"255",0.09
"256",0.13
"257",0.15
"258",0.29
"259",0.33
"260",0.15
"261",0.2
"262",0.42
"263",0.45
"264",0.09
"265",0.06
"266",0.26
"267",0.07
"268",0.08
"269",0.14
"270",0.3
"271",0.2
"272",0.19
"273",0.22
"274",0.15
"275",0.27
"276",0.36
"277",0.11
"278",0.11
"279",0.1
"280",0.11
"281",0.3
"282",0.11
"283",0.37
"284",0.33
"285",0.08
"286",0.24
"287",0.04
"288",0.04
"289",0.15
"290",0.19
"291",0.21
"292",0.09
"293",0.27
"294",0.23
"295",0.41
"296",0.32
"297",0.64
"298",0.13
"299",0.93
"300",0.14
"301",0.14
"302",0.18
"303",0.22
"304",0.3
"305",0.14
"306",0.62
"307",0.53
"308",0.18
"309",0.35
"310",0.17
"311",0.12
"312",0.19
"313",0.14
"314",0.51
"315",0.33
"316",0.26
"317",0.08
"318",0.08
"319",0.11
"320",0.13
"321",0.19
"322",0.35
"323",0.23
"324",0.36
"325",0.11
"326",0.17
"327",0.24
"328",0.27
"329",0.16
"330",0.13
"331",0.18
"332",0.14
"333",0.13
"334",0.14
"335",0.31
"336",0.08
"337",0.04
"338",0.44
"339",0.09
"340",0.23
"341",0.34
"342",0.28
"343",0.35
"344",0.3
"345",0.1
"346",0.29
"347",0.14
"348",0.09
"349",0.16
"350",0.17
"351",0.1
"352",0.09
"353",0.49
"354",0.52
"355",0.26
"356",0.43
"357",0.16
"358",0.14
"359",0.07
"360",0.15
"361",0.37
"362",0.13
"363",0.04
"364",0.11
"365",0.14
"366",0.11
"367",0.13
"368",0.33
"369",0.23
"370",0.18
"371",0.13
"372",0.14
"373",0.41
"374",0.2
"375",0.34
"376",0.08
"377",0.45
"378",0.99
"379",0.2
"380",0.09
"381",0.14
"382",0.39
"383",0.22
"384",0.12
"385",0.12
"386",0.19
"387",0.13
"388",0.22
"389",0.04
"390",0.14
"391",0.12
"392",0.17
"393",0.08
"394",0.32
"395",0.13
"396",0.18
"397",0.13
"398",0.32
"399",0.17
"400",0.1
"401",0.16
"402",0.31
"403",0.09
"404",0.31
"405",0.64
"406",0.34
"407",0.12
"408",0.17
"409",0.2
"410",0.17
"411",0.58
"412",0.2
"413",0.11
"414",0.09
"415",0.22
"416",0.22
"417",0.15
"418",0.04
"419",0.12
"420",0.15
"421",0.12
"422",0.15
"423",0.22
"424",0.07
"425",0.09
"426",0.24
"427",0.11
"428",0.08
"429",0.14
"430",0.62
"431",0.11
"432",0.13
"433",0.1
"434",1
"435",1
"436",0.48
"437",0.56
"438",0.12
"439",0.16
"440",0.67
"441",0.14
"442",0.06
"443",0.09
"444",0.15
"445",0.1
"446",0.33
"447",0.16
"448",0.3
"449",0.18
"450",0.15
"451",0.21
"452",0.4
"453",0.27
"454",0.4
"455",0.56
"456",0.14
"457",0.07
"458",0.16
"459",0.18
"460",0.08
"461",0.2
"462",0.86
"463",0.68
"464",1
"465",0.97
"466",0.23
"467",0.16
"468",0.31
"469",0.12
"470",0.76
"471",0.47
"472",0.66
"473",0.17
"474",0.32
"475",0.2
"476",0.16
"477",0.74
"478",0.62
"479",0.58
"480",0.24
"481",0.23
"482",0.09
"483",0.16
"484",0.04
"485",0.25
"486",0.12
"487",0.13
"488",0.15
"489",0.16
"490",0.31
"491",0.16
"492",0.1
"493",0.14
"494",0.14
"495",0.38
"496",0.38
"497",0.09
"498",0.68
"499",0.13
"500",0.28
"501",0.59
"502",0.12
"503",0.28
"504",0.23
"505",0.19
"506",0.25
"507",0.12
"508",0.15
"509",0.15
"510",0.2
"511",0.06
"512",0.11
"513",0.26
"514",0.2
"515",0.1
"516",0.06
"517",0.1
"518",0.12
"519",0.19
"520",0.13
"521",0.12
"522",0.2
"523",0.13
"524",0.19
"525",0.28
"526",0.37
"527",0.13
"528",0.51
"529",0.1
"530",0.24
"531",0.48
"532",0.22
"533",0.19
"534",0.18
"535",0.1
"536",0.23
"537",0.22
"538",0.7
"539",0.33
"540",0.06
"541",0.21
"542",0.31
"543",0.3
"544",0.21
"545",0.23
"546",0.12
"547",0.24
"548",0.19
"549",0.23
"550",0.13
"551",0.43
"552",0.15
"553",0.73
"554",0.12
"555",0.2
"556",0.12
"557",0.33
"558",0.13
"559",0.33
"560",0.28
"561",0.89
"562",0.11
"563",0.23
"564",0.13
"565",0.19
"566",0.11
"567",0.18
"568",0.73
"569",0.27
"570",0.36
"571",0.26
"572",0.81
"573",0.03
"574",0.32
"575",0.23
"576",0.05
"577",0.25
"578",0.09
"579",0.32
"580",0.24
"581",0.35
"582",0.22
"583",0.19
"584",0.08
"585",0.21
"586",0.29
"587",0.24
"588",0.27
"589",0.07
"590",0.32
"591",0.19
"592",0.28
"593",0.17
"594",0.19
"595",0.17
"596",0.19
"597",0.16
"598",0.2
"599",0.12
"600",0.07
"601",0.34
"602",0.16
"603",0.09
"604",0.1
"605",0.19
"606",0.17
"607",0.36
"608",0.25
"609",0.07
"610",0.11
"611",0.11
"612",0.07
"613",0.15
"614",0.11
"615",0.24
"616",0.14
"617",0.15
"618",0.09
"619",0.14
"620",0.15
"621",0.45
"622",0.13
"623",0.21
"624",0.09
"625",0.36
"626",0.13
"627",0.26
"628",0.21
"629",0.45
"630",0.17
"631",0.1
"632",0.09
"633",0.26
"634",0.14
"635",0.08
"636",0.15
"637",0.22
"638",0.13
"639",0.11
"640",0.18
"641",0.26
"642",0.25
"643",0.26
"644",0.18
"645",0.23
"646",0.08
"647",0.69
"648",0.66
"649",0.61
"650",0.7
"651",0.1
"652",0.09
"653",0.2
"654",0.37
"655",0.16
"656",0.2
"657",0.19
"658",0.45
"659",0.45
"660",0.63
"661",0.69
"662",0.22
"663",0.23
"664",0.14
"665",0.13
"666",0.14
"667",0.14
"668",0.16
"669",0.24
"670",0.08
"671",0.12
"672",0.13
"673",0.24
"674",0.49
"675",0.11
"676",0.13
"677",0.15
"678",0.23
"679",0.53
"680",0.12
"681",0.43
"682",0.22
"683",0.61
"684",0.1
"685",0.13
"686",0.26
"687",0.06
"688",0.13
"689",0.05
"690",0.1
"691",0.35
"692",0.35
"693",0.12
"694",0.24
"695",0.06
"696",0.16
"697",0.15
"698",0.46
"699",0.37
"700",0.5
"701",0.11
"702",0.75
"703",1
"704",0.22
"705",0.23
"706",0.14
"707",0.33
"708",0.17
"709",0.14
"710",0.55
"711",0.22
"712",0.1
"713",0.1
"714",0.21
"715",0.09
"716",0.19
"717",0.24
"718",0.21
"719",0.45
"720",0.21
"721",0.07
"722",0.14
"723",0.27
"724",0.55
"725",0.27
"726",0.29
"727",0.13
"728",0.11
"729",0.56
"730",0.82
"731",0.8
"732",0.31
"733",0.12
"734",0.36
"735",0.35
"736",0.09
"737",0.1
"738",0.49
"739",0.08
"740",0.18
"741",0.15
"742",0.29
"743",0.08
"744",0.23
"745",0.1
"746",0.15
"747",0.29
"748",0.13
"749",0.11
"750",0.04
"751",0.08
"752",0.08
"753",0.1
"754",0.25
"755",0.29
"756",0.2
"757",0.25
"758",0.08
"759",0.14
"760",0.07
"761",0.1
"762",0.24
"763",0.19
"764",0.35
"765",0.17
"766",0.15
"767",0.05
"768",0.99
"769",0.09
"770",0.17
"771",0.53
"772",0.21
"773",0.18
"774",0.07
"775",0.1
"776",0.33
"777",0.07
"778",0.25
"779",0.03
"780",1
"781",0.09
"782",0.52
"783",0.51
"784",0.09
"785",0.13
"786",0.67
"787",0.15
"788",0.12
"789",0.08
"790",0.19
"791",0.08
"792",0.06
"793",0.29
"794",0.13
"795",0.1
"796",0.09
"797",0.04
"798",0.14
"799",0.3
"800",0.05
"801",0.25
"802",0.14
"803",0.47
"804",0.13
"805",0.15
"806",0.17
"807",0.61
"808",0.35
"809",0.39
"810",0.18
"811",0.12
"812",0.16
"813",0.09
"814",0.23
"815",0.1
"816",0.12
"817",0.1
"818",0.19
"819",0.07
"820",0.07
"821",0.3
"822",0.26
"823",0.25
"824",0.51
"825",0.19
"826",0.13
"827",0.21
"828",0.2
"829",0.07
"830",0.11
"831",0.09
"832",0.05
"833",0.21
"834",0.12
"835",0.19
"836",0.35
"837",0.25
"838",0.27
"839",0.08
"840",0.64
"841",0.4
"842",0.92
"843",0.12
"844",0.17
"845",0.19
"846",0.32
"847",0.2
"848",0.1
"849",0.05
"850",0.25
"851",0.07
"852",0.27
"853",0.19
"854",0.36
"855",0.18
"856",0.38
"857",0.14
"858",0.24
"859",0.12
"860",0.29
"861",0.16
"862",0.15
"863",0.28
"864",0.58
"865",0.13
"866",0.21
"867",0.51
"868",0.18
"869",0.13
"870",0.14
"871",0.1
"872",0.08
"873",0.08
"874",0.17
"875",0.13
"876",0.15
"877",0.21
"878",0.63
"879",0.18
"880",0.13
"881",0.2
"882",0.25
"883",0.28
"884",1
"885",0.32
"886",0.39
"887",0.08
"888",0.24
"889",0.15
"890",0.13
"891",0.76
"892",0.15
"893",0.17
"894",0.12
"895",0.16
"896",0.11
"897",0.08
"898",0.14
"899",0.08
"900",0.31
"901",0.36
"902",0.7
"903",0.38
"904",0.05
"905",0.2
"906",0.1
"907",0.13
"908",0.36
"909",0.64
"910",0.08
"911",0.45
"912",0.12
"913",0.51
"914",0.08
"915",0.08
"916",0.13
"917",0.54
"918",0.1
"919",0.21
"920",0.16
"921",0.16
"922",0.11
"923",0.15
"924",0.1
"925",0.1
"926",0.31
"927",0.13
"928",0.25
"929",0.14
"930",0.25
"931",0.49
"932",0.29
"933",0.38
"934",0.41
"935",0.08
"936",0.34
"937",0.26
"938",0.17
"939",0.35
"940",0.1
"941",0.09
"942",0.1
"943",0.07
"944",0.53
"945",0.09
"946",0.37
"947",0.11
"948",0.06
"949",0.34
"950",0.21
"951",0.44
"952",0.18
"953",0.08
"954",0.37
"955",0.27
"956",0.24
"957",0.06
"958",0.04
"959",0.16
"960",0.11
"961",0.15
"962",0.55
"963",0.18
"964",0.62
"965",0.33
"966",0.6
"967",0.17
"968",0.12
"969",0.51
"970",0.28
"971",0.19
"972",0.17
"973",0.22
"974",0.12
"975",0.08
"976",0.08
"977",0.17
"978",0.12
"979",0.33
"980",0.43
"981",0.31
"982",0.24
"983",0.06
"984",0.32
"985",0.15
"986",0.36
"987",0.15
"988",0.57
"989",0.23
"990",0.33
"991",0.12
"992",0.18
"993",0.08
"994",0.12
"995",0.18
"996",0.11
"997",0.42
"998",0.13
"999",0.22
"1000",0.44
"1001",0.08
"1002",0.21
"1003",0.13
"1004",0.23
"1005",0.2
"1006",0.16
"1007",0.26
"1008",0.09
"1009",0.04
"1010",0.24
"1011",0.29
"1012",0.32
"1013",0.12
"1014",0.44
"1015",0.05
"1016",0.42
"1017",0.12
"1018",0.68
"1019",0.17
"1020",0.43
"1021",0.09
"1022",0.38
"1023",0.16
"1024",0.17
"1025",0.23
"1026",0.15
"1027",0.5
"1028",0.32
"1029",0.4
"1030",0.16
"1031",0.19
"1032",0.35
"1033",0.11
"1034",0.12
"1035",0.43
"1036",0.3
"1037",0.08
"1038",0.12
"1039",0.47
"1040",0.11
"1041",0.08
"1042",0.13
"1043",0.25
"1044",0.18
"1045",0.09
"1046",0.34
"1047",0.56
"1048",0.18
"1049",0.64
"1050",0.13
"1051",0.15
"1052",0.12
"1053",0.08
"1054",0.39
"1055",0.14
"1056",0.21
"1057",0.45
"1058",0.46
"1059",0.17
"1060",0.06
"1061",0.63
"1062",0.22
"1063",0.61
"1064",0.34
"1065",0.42
"1066",0.59
"1067",0.11
"1068",0.08
"1069",0.15
"1070",0.41
"1071",0.14
"1072",0.37
"1073",0.2
"1074",0.1
"1075",0.08
"1076",0.13
"1077",0.17
"1078",0.06
"1079",0.87
"1080",0.08
"1081",0.42
"1082",0.07
"1083",0.52
"1084",0.16
"1085",0.7
"1086",0.22
"1087",0.19
"1088",0.12
"1089",0.23
"1090",0.25
"1091",0.52
"1092",0.99
"1093",0.1
"1094",0.12
"1095",0.12
"1096",0.25
"1097",0.71
"1098",0.39
"1099",0.53
"1100",0.25
"1101",0.71
"1102",0.08
"1103",0.18
"1104",0.32
"1105",0.18
"1106",0.1
"1107",0.23
"1108",0.11
"1109",0.16
"1110",0.25
"1111",0.24
"1112",0.29
"1113",0.15
"1114",0.45
"1115",0.25
"1116",0.62
"1117",0.07
"1118",0.44
"1119",0.18
"1120",0.73
"1121",0.44
"1122",0.15
"1123",0.23
"1124",0.13
"1125",0.16
"1126",0.13
"1127",0.26
"1128",0.31
"1129",0.54
"1130",0.14
"1131",0.34
"1132",0.11
"1133",0.35
"1134",0.14
"1135",0.23
"1136",0.32
"1137",0.35
"1138",0.31
"1139",0.14
"1140",0.07
"1141",0.18
"1142",0.19
"1143",0.13
"1144",0.35
"1145",0.48
"1146",0.76
"1147",0.59
"1148",0.51
"1149",0.16
"1150",0.1
"1151",0.13
"1152",0.22
"1153",0.19
"1154",0.13
"1155",0.11
"1156",0.24
"1157",0.14
"1158",0.11
"1159",0.19
"1160",0.17
"1161",0.15
"1162",0.16
"1163",0.28
"1164",0.37
"1165",0.38
"1166",0.36
"1167",0.14
"1168",0.24
"1169",0.29
"1170",0.13
"1171",0.18
"1172",0.27
"1173",1
"1174",0.1
"1175",0.12
"1176",0.88
"1177",0.24
"1178",0.08
"1179",0.14
"1180",0.61
"1181",0.5
"1182",0.26
"1183",0.22
"1184",0.37
"1185",0.08
"1186",0.34
"1187",0.63
"1188",0.24
"1189",0.09
"1190",0.13
"1191",0.11
"1192",0.25
"1193",0.16
"1194",0.21
"1195",0.32
"1196",0.1
"1197",0.2
"1198",0.16
"1199",0.11
"1200",0.23
"1201",0.37
"1202",0.12
"1203",0.36
"1204",0.11
"1205",0.24
"1206",0.1
"1207",0.05
"1208",0.54
"1209",0.14
"1210",0.4
"1211",0.48
"1212",0.26
"1213",0.35
"1214",0.09
"1215",0.14
"1216",0.11
"1217",0.07
"1218",0.39
"1219",0.46
"1220",0.2
"1221",0.27
"1222",0.16
"1223",0.43
"1224",0.4
"1225",0.2
"1226",0.13
"1227",0.32
"1228",0.13
"1229",0.15
"1230",0.27
"1231",0.63
"1232",0.17
"1233",0.13
"1234",0.27
"1235",0.26
"1236",0.04
"1237",0.07
"1238",0.18
"1239",0.75
"1240",0.07
"1241",0.29
"1242",0.07
"1243",0.18
"1244",0.26
"1245",0.22
"1246",0.2
"1247",0.13
"1248",0.33
"1249",0.15
"1250",0.13
"1251",0.24
"1252",0.22
"1253",0.11
"1254",0.39
"1255",0.14
"1256",0.13
"1257",0.2
"1258",0.52
"1259",0.14
"1260",0.15
"1261",0.17
"1262",0.41
"1263",0.39
"1264",0.19
"1265",0.13
"1266",0.26
"1267",0.23
"1268",0.34
"1269",1
"1270",0.24
"1271",0.13
"1272",0.21
"1273",0.08
"1274",0.28
"1275",0.05
"1276",0.12
"1277",0.12
"1278",0.35
"1279",0.44
"1280",0.54
"1281",0.65
"1282",0.46
"1283",0.1
"1284",0.07
"1285",0.25
"1286",0.39
"1287",0.04
"1288",0.19
"1289",0.43
"1290",0.13
"1291",0.17
"1292",0.4
"1293",0.11
"1294",0.11
"1295",0.61
"1296",0.13
"1297",0.18
"1298",0.09
"1299",0.17
"1300",0.15
"1301",0.09
"1302",0.12
"1303",0.24
"1304",0.2
"1305",0.08
"1306",0.07
"1307",0.22
"1308",0.1
"1309",0.41
"1310",0.39
"1311",0.38
"1312",0.23
"1313",0.14
"1314",0.2
"1315",0.13
"1316",0.2
"1317",0.17
"1318",0.21
"1319",0.15
"1320",0.1
"1321",0.11
"1322",0.3
"1323",0.22
"1324",0.5
"1325",1
"1326",0.11
"1327",0.08
"1328",0.1
"1329",0.13
"1330",0.1
"1331",0.15
"1332",0.15
"1333",0.06
"1334",0.24
"1335",0.19
"1336",0.25
"1337",0.06
"1338",0.02
"1339",0.08
"1340",0.13
"1341",0.34
"1342",0.08
"1343",0.04
"1344",0.07
"1345",0.17
"1346",0.13
"1347",0.12
"1348",0.07
"1349",0.09
"1350",0.15
"1351",0.04
"1352",0.34
"1353",0.14
"1354",0.11
"1355",0.24
"1356",0.1
"1357",0.37
"1358",0.13
"1359",0.09
"1360",0.52
"1361",0.1
"1362",0.07
"1363",0.35
"1364",0.21
"1365",0.23
"1366",0.11
"1367",0.19
"1368",0.04
"1369",0.1
"1370",0.72
"1371",0.44
"1372",0.11
"1373",0.51
"1374",0.13
"1375",0.1
"1376",0.18
"1377",0.17
"1378",0.1
"1379",0.28
"1380",0.71
"1381",0.87
"1382",0.27
"1383",0.7
"1384",0.3
"1385",0.16
"1386",0.47
"1387",0.12
"1388",0.59
"1389",0.13
"1390",0.14
"1391",0.28
"1392",0.46
"1393",0.6
"1394",0.74
"1395",0.22
"1396",0.39
"1397",0.14
"1398",0.6
"1399",0.31
"1400",0.57
"1401",0.27
"1402",0.64
"1403",0.46
"1404",0.52
"1405",0.24
"1406",0.12
"1407",0.4
"1408",0.35
"1409",0.17
"1410",0.1
"1411",0.13
"1412",0.14
"1413",0.57
"1414",0.09
"1415",0.16
"1416",0.09
"1417",0.69
"1418",0.16
"1419",0.14
"1420",0.28
"1421",0.7
"1422",0.27
"1423",0.64
"1424",0.48
"1425",0.46
"1426",0.22
"1427",0.18
"1428",0.24
"1429",0.45
"1430",0.26
"1431",0.61
"1432",0.16
"1433",0.18
"1434",0.12
"1435",0.36
"1436",0.23
"1437",0.37
"1438",0.27
"1439",0.18
"1440",0.16
"1441",0.2
"1442",0.36
"1443",0.07
"1444",0.11
"1445",0.31
"1446",0.29
"1447",0.45
"1448",0.11
"1449",0.27
"1450",0.05
"1451",0.24
"1452",0.15
"1453",0.3
"1454",0.15
"1455",0.12
"1456",0.2
"1457",0.2
"1458",0.09
"1459",0.09
"1460",0.26
"1461",0.08
"1462",0.31
"1463",0.97
"1464",0.52
"1465",0.05
"1466",0.31
"1467",0.15
"1468",0.17
"1469",0.11
"1470",0.3
"1471",0.11
"1472",0.08
"1473",0.28
"1474",0.33
"1475",0.21
"1476",0.21
"1477",0.78
"1478",0.52
"1479",0.34
"1480",0.22
"1481",0.14
"1482",0.23
"1483",0.19
"1484",0.15
"1485",0.12
"1486",0.14
"1487",0.2
"1488",0.15
"1489",0.17
"1490",0.23
"1491",0.26
"1492",0.27
"1493",0.29
"1494",0.22
"1495",0.13
"1496",0.09
"1497",0.06
"1498",0.09
"1499",0.19
"1500",0.27
"1501",0.26
"1502",0.17
"1503",0.21
"1504",0.07
"1505",0.14
"1506",0.16
"1507",0.22
"1508",0.11
"1509",0.2
"1510",0.1
"1511",0.13
"1512",0.1
"1513",0.1
"1514",0.11
"1515",0.12
"1516",0.23
"1517",0.21
"1518",0.12
"1519",0.4
"1520",0.59
"1521",0.17
"1522",0.13
"1523",0.12
"1524",0.39
"1525",0.25
"1526",0.29
"1527",0.6
"1528",0.15
"1529",0.21
"1530",0.17
"1531",0.36
"1532",0.3
"1533",0.21
"1534",0.38
"1535",0.17
"1536",0.15
"1537",0.19
"1538",0.13
"1539",0.17
"1540",0.46
"1541",0.09
"1542",0.19
"1543",0.67
"1544",0.09
"1545",0.07
"1546",0.69
"1547",0.15
"1548",0.11
"1549",0.09
"1550",0.18
"1551",0.23
"1552",0.07
"1553",0.07
"1554",0.09
"1555",0.15
"1556",0.06
"1557",0.07
"1558",0.22
"1559",0.09
"1560",0.06
"1561",0.22
"1562",0.09
"1563",0.92
"1564",0.14
"1565",0.74
"1566",0.24
"1567",0.09
"1568",0.13
"1569",0.14
"1570",0.12
"1571",0.16
"1572",0.21
"1573",0.26
"1574",0.12
"1575",0.66
"1576",0.19
"1577",0.18
"1578",0.03
"1579",0.21
"1580",0.17
"1581",0.29
"1582",0.14
"1583",0.8
"1584",0.67
"1585",0.14
"1586",0.33
"1587",0.13
"1588",0.71
"1589",0.23
"1590",0.39
"1591",0.24
"1592",0.16
"1593",0.13
"1594",0.2
"1595",0.33
"1596",0.29
"1597",0.2
"1598",0.15
"1599",0.17
"1600",0.13
"1601",0.46
"1602",0.37
"1603",0.16
"1604",0.08
"1605",0.15
"1606",0.15
"1607",0.15
"1608",0.39
"1609",0.05
"1610",0.14
"1611",0.17
"1612",0.07
"1613",0.09
"1614",0.38
"1615",0.16
"1616",0.16
"1617",0.2
"1618",0.12
"1619",0.49
"1620",0.21
"1621",0.45
"1622",0.3
"1623",0.07
"1624",0.17
"1625",0.27
"1626",0.4
"1627",0.33
"1628",0.4
"1629",0.19
"1630",0.14
"1631",0.28
"1632",0.43
"1633",0.21
"1634",0.05
"1635",0.09
"1636",0.17
"1637",0.22
"1638",0.19
"1639",0.5
"1640",0.66
"1641",0.13
"1642",0.2
"1643",0.12
"1644",0.2
"1645",0.56
"1646",0.47
"1647",0.67
"1648",0.23
"1649",0.17
"1650",0.3
"1651",0.14
"1652",0.89
"1653",0.99
"1654",0.25
"1655",0.44
"1656",0.07
"1657",0.07
"1658",0.25
"1659",0.14
"1660",0.2
"1661",0.1
"1662",0.11
"1663",0.14
"1664",0.16
"1665",0.11
"1666",0.33
"1667",0.1
"1668",0.09
"1669",0.13
"1670",0.09
"1671",0.23
"1672",0.07
"1673",0.1
"1674",0.29
"1675",0.09
"1676",0.64
"1677",0.19
"1678",0.12
"1679",0.06
"1680",0.16
"1681",0.05
"1682",0.13
"1683",0.3
"1684",0.12
"1685",0.18
"1686",0.23
"1687",0.43
"1688",0.11
"1689",0.26
"1690",0.61
"1691",0.17
"1692",0.12
"1693",0.2
"1694",0.23
"1695",0.11
"1696",0.22
"1697",0.45
"1698",0.2
"1699",0.23
"1700",0.06
"1701",0.16
"1702",0.16
"1703",0.19
"1704",0.37
"1705",0.32
"1706",0.27
"1707",0.11
"1708",0.18
"1709",0.12
"1710",0.29
"1711",0.16
"1712",0.1
"1713",0.25
"1714",0.18
"1715",0.21
"1716",0.15
"1717",0.11
"1718",0.06
"1719",0.2
"1720",0.28
"1721",0.14
"1722",0.24
"1723",0.05
"1724",0.21
"1725",0.18
"1726",0.33
"1727",0.12
"1728",0.17
"1729",0.23
"1730",0.09
"1731",0.1
"1732",0.11
"1733",0.15
"1734",0.3
"1735",0.44
"1736",0.07
"1737",0.4
"1738",0.08
"1739",0.07
"1740",0.37
"1741",0.1
"1742",0.15
"1743",0.07
"1744",0.11
"1745",0.18
"1746",0.48
"1747",0.1
"1748",0.11
"1749",0.31
"1750",0.1
"1751",0.18
"1752",0.09
"1753",0.2
"1754",0.1
"1755",0.3
"1756",0.14
"1757",0.2
"1758",0.71
"1759",0.12
"1760",0.15
"1761",0.25
"1762",0.06
"1763",0.15
"1764",0.37
"1765",0.16
"1766",0.36
"1767",0.22
"1768",0.14
"1769",0.15
"1770",0.33
"1771",0.17
"1772",0.35
"1773",0.53
"1774",0.3
"1775",0.15
"1776",0.15
"1777",0.13
"1778",0.1
"1779",0.15
"1780",0.12
"1781",0.19
"1782",0.08
"1783",0.19
"1784",0.14
"1785",0.09
"1786",0.17
"1787",0.13
"1788",0.21
"1789",0.09
"1790",0.12
"1791",0.17
"1792",0.37
"1793",0.09
"1794",0.11
"1795",0.08
"1796",0.15
"1797",0.08
"1798",0.09
"1799",0.13
"1800",0.12
"1801",0.17
"1802",0.12
"1803",0.08
"1804",0.46
"1805",0.4
"1806",0.66
"1807",0.1
"1808",0.08
"1809",0.23
"1810",0.11
"1811",0.1
"1812",0.21
"1813",0.05
"1814",0.12
"1815",0.27
"1816",0.13
"1817",0.15
"1818",0.34
"1819",0.26
"1820",0.19
"1821",0.05
"1822",0.15
"1823",0.21
"1824",0.16
"1825",0.21
"1826",0.21
"1827",0.36
"1828",0.26
"1829",0.13
"1830",0.85
"1831",0.36
"1832",0.19
"1833",0.14
"1834",0.23
"1835",0.84
"1836",0.43
"1837",0.35
"1838",0.24
"1839",0.32
"1840",0.46
"1841",0.21
"1842",0.35
"1843",0.12
"1844",0.07
"1845",0.08
"1846",0.11
"1847",0.16
"1848",0.3
"1849",0.08
"1850",0.1
"1851",0.1
"1852",0.12
"1853",0.36
"1854",0.2
"1855",0.17
"1856",0.14
"1857",0.2
"1858",0.12
"1859",0.29
"1860",0.43
"1861",0.08
"1862",0.23
"1863",0.56
"1864",0.31
"1865",0.16
"1866",0.3
"1867",0.2
"1868",0.06
"1869",0.2
"1870",0.14
"1871",0.14
"1872",0.12
"1873",0.13
"1874",0.25
"1875",0.11
"1876",0.12
"1877",0.11
"1878",0.14
"1879",0.22
"1880",0.08
"1881",0.11
"1882",0.15
"1883",0.09
"1884",0.14
"1885",0.15
"1886",0.3
"1887",0.17
"1888",0.51
"1889",0.58
"1890",0.2
"1891",0.2
"1892",0.18
"1893",0.21
"1894",0.19
"1895",0.21
"1896",0.23
"1897",0.11
"1898",0.29
"1899",0.23
"1900",0.19
"1901",0.62
"1902",0.2
"1903",0.36
"1904",0.11
"1905",0.18
"1906",0.19
"1907",0.15
"1908",0.11
"1909",0.22
"1910",0.15
"1911",0.26
"1912",0.08
"1913",0.15
"1914",0.35
"1915",0.1
"1916",0.15
"1917",0.09
"1918",0.17
"1919",0.18
"1920",0.13
"1921",0.12
"1922",0.11
"1923",0.18
"1924",0.11
"1925",0.15
"1926",0.17
"1927",0.19
"1928",0.2
"1929",0.08
"1930",0.15
"1931",0.24
"1932",0.13
"1933",0.11
"1934",0.08
"1935",0.21
"1936",0.15
"1937",0.66
"1938",0.41
"1939",0.29
"1940",0.22
"1941",0.17
"1942",0.08
"1943",0.27
"1944",0.68
"1945",0.07
"1946",0.23
"1947",0.16
"1948",0.19
"1949",0.1
"1950",0.08
"1951",0.43
"1952",0.25
"1953",0.28
"1954",0.17
"1955",0.16
"1956",0.06
"1957",0.3
"1958",0.1
"1959",0.1
"1960",0.13
"1961",0.11
"1962",0.13
"1963",0.34
"1964",0.12
"1965",0.04
"1966",0.13
"1967",0.11
"1968",0.17
"1969",0.18
"1970",0.08
"1971",0.12
"1972",0.07
"1973",0.27
"1974",0.1
"1975",0.22
"1976",0.2
"1977",0.2
"1978",0.13
"1979",0.13
"1980",0.29
"1981",0.11
"1982",0.2
"1983",0.1
"1984",0.13
"1985",0.17
"1986",0.2
"1987",0.1
"1988",0.14
"1989",0.13
"1990",0.21
"1991",0.11
"1992",0.39
"1993",0.24
"1994",0.12
"1995",0.08
"1996",0.15
"1997",0.07
"1998",0.49
"1999",0.15
"2000",0.06
"2001",0.18
"2002",0.41
"2003",0.23
"2004",0.1
"2005",0.25
"2006",0.1
"2007",0.23
"2008",0.16
"2009",0.44
"2010",0.17
"2011",0.22
"2012",0.68
"2013",0.15
"2014",0.36
"2015",0.47
"2016",0.24
"2017",0.14
"2018",0.25
"2019",0.21
"2020",0.08
"2021",0.24
"2022",0.2
"2023",0.35
"2024",0.13
"2025",0.11
"2026",0.11
"2027",0.06
"2028",0.11
"2029",0.24
"2030",0.34
"2031",0.18
"2032",0.12
"2033",0.13
"2034",0.13
"2035",0.12
"2036",0.29
"2037",0.16
"2038",0.2
"2039",0.17
"2040",0.37
"2041",0.06
"2042",0.16
"2043",0.05
"2044",0.2
"2045",0.13
"2046",0.46
"2047",0.64
"2048",0.2
"2049",0.09
"2050",0.16
"2051",0.2
"2052",0.11
"2053",0.4
"2054",0.1
"2055",0.13
"2056",0.33
"2057",0.1
"2058",0.28
"2059",0.18
"2060",0.1
"2061",0.15
"2062",0.26
"2063",0.07
"2064",0.07
"2065",0.18
"2066",0.23
"2067",0.2
"2068",0.22
"2069",0.23
"2070",0.2
"2071",0.17
"2072",0.4
"2073",0.27
"2074",0.08
"2075",0.3
"2076",0.1
"2077",0.17
"2078",0.15
"2079",0.11
"2080",0.18
"2081",0.26
"2082",0.21
"2083",0.15
"2084",0.29
"2085",0.13
"2086",0.2
"2087",0.15
"2088",0.13
"2089",0.15
"2090",0.26
"2091",0.16
"2092",0.09
"2093",0.15
"2094",0.24
"2095",0.13
"2096",0.08
"2097",0.14
"2098",0.2
"2099",0.38
"2100",0.08
"2101",0.09
"2102",0.18
"2103",0.19
"2104",0.3
"2105",0.13
"2106",0.16
"2107",0.11
"2108",0.16
"2109",0.52
"2110",0.15
"2111",0.11
"2112",0.09
"2113",0.39
"2114",0.14
"2115",0.34
"2116",0.3
"2117",0.09
"2118",0.5
"2119",0.15
"2120",0.54
"2121",0.3
"2122",0.12
"2123",0.17
"2124",0.13
"2125",0.12
"2126",0.17
"2127",0.15
"2128",0.32
"2129",0.1
"2130",0.41
"2131",0.17
"2132",0.14
"2133",0.4
"2134",0.2
"2135",0.25
"2136",0.15
"2137",0.4
"2138",0.19
"2139",0.11
"2140",0.22
"2141",0.18
"2142",0.67
"2143",0.3
"2144",0.42
"2145",0.2
"2146",0.13
"2147",0.19
"2148",0.35
"2149",0.18
"2150",0.29
"2151",0.21
"2152",0.33
"2153",0.15
"2154",0.14
"2155",0.08
"2156",0.16
"2157",0.14
"2158",0.18
"2159",0.07
"2160",0.1
"2161",0.18
"2162",0.05
"2163",0.05
"2164",0.08
"2165",0.25
"2166",0.17
"2167",0.11
"2168",0.2
"2169",0.19
"2170",0.05
"2171",0.17
"2172",0.41
"2173",0.11
"2174",0.11
"2175",0.24
"2176",0.11
"2177",0.13
"2178",0.13
"2179",0.17
"2180",0.18
"2181",0.17
"2182",0.16
"2183",0.05
"2184",0.22
"2185",0.14
"2186",0.24
"2187",0.07
"2188",0.1
"2189",0.09
"2190",0.17
"2191",0.2
"2192",0.39
"2193",0.08
"2194",0.24
"2195",0.1
"2196",0.08
"2197",0.26
"2198",0.14
"2199",0.22
"2200",0.29
"2201",0.19
"2202",0.22
"2203",0.18
"2204",0.29
"2205",0.48
"2206",0.36
"2207",0.37
"2208",0.25
"2209",0.51
"2210",0.06
"2211",0.29
"2212",0.14
"2213",0.17
"2214",0.48
"2215",0.05
"2216",0.5
"2217",0.57
"2218",0.14
"2219",0.22
"2220",0.23
"2221",0.16
"2222",0.15
"2223",0.22
"2224",0.14
"2225",0.33
"2226",0.17
"2227",0.29
"2228",0.1
"2229",0.13
"2230",0.08
"2231",0.15
"2232",0.13
"2233",0.22
"2234",0.21
"2235",0.15
"2236",0.21
"2237",0.07
"2238",0.14
"2239",0.13
"2240",0.12
"2241",0.23
"2242",0.06
"2243",0.51
"2244",0.21
"2245",0.12
"2246",0.42
"2247",0.17
"2248",0.05
"2249",0.08
"2250",0.19
"2251",0.1
"2252",0.43
"2253",0.18
"2254",0.03
"2255",0.5
"2256",0.24
"2257",0.19
"2258",0.06
"2259",0.13
"2260",0.37
"2261",0.52
"2262",0.22
"2263",0.35
"2264",0.16
"2265",0.28
"2266",0.18
"2267",0.39
"2268",0.54
"2269",0.21
"2270",0.2
"2271",0.37
"2272",0.65
"2273",0.33
"2274",0.17
"2275",0.33
"2276",0.25
"2277",0.33
"2278",1
"2279",0.13
"2280",0.19
"2281",0.57
"2282",0.19
"2283",0.19
"2284",0.11
"2285",0.3
"2286",0.18
"2287",0.15
"2288",0.12
"2289",0.13
"2290",0.16
"2291",0.4
"2292",0.13
"2293",0.14
"2294",0.11
"2295",0.09
"2296",0.2
"2297",0.25
"2298",0.05
"2299",0.23
"2300",0.19
"2301",0.06
"2302",0.36
"2303",0.06
"2304",0.19
"2305",0.12
"2306",0.09
"2307",0.09
"2308",0.17
"2309",0.16
"2310",0.52
"2311",0.22
"2312",0.19
"2313",0.34
"2314",0.57
"2315",0.41
"2316",0.73
"2317",0.19
"2318",0.2
"2319",0.27
"2320",0.11
"2321",0.38
"2322",0.17
"2323",0.47
"2324",0.24
"2325",0.15
"2326",0.39
"2327",0.31
"2328",0.07
"2329",0.2
"2330",0.11
"2331",0.2
"2332",0.22
"2333",0.18
"2334",0.28
"2335",0.44
"2336",0.51
"2337",0.35
"2338",0.2
"2339",0.51
"2340",0.22
"2341",0.16
"2342",0.28
"2343",0.26
"2344",0.18
"2345",0.21
"2346",0.36
"2347",0.17
"2348",0.27
"2349",0.17
"2350",0.29
"2351",0.11
"2352",0.14
"2353",0.22
"2354",0.12
"2355",0.18
"2356",0.33
"2357",0.13
"2358",0.05
"2359",0.27
"2360",0.5
"2361",0.41
"2362",0.05
"2363",0.23
"2364",0.14
"2365",0.26
"2366",0.13
"2367",0.08
"2368",0.11
"2369",0.42
"2370",0.13
"2371",0.18
"2372",0.1
"2373",0.05
"2374",0.13
"2375",0.32
"2376",0.11
"2377",0.08
"2378",0.45
"2379",0.09
"2380",0.29
"2381",0.26
"2382",0.26
"2383",0.12
"2384",0.17
"2385",0.14
"2386",0.11
"2387",0.26
"2388",0.14
"2389",0.1
"2390",0.23
"2391",0.3
"2392",0.17
"2393",0.11
"2394",0.19
"2395",0.5
"2396",0.14
"2397",0.15
"2398",0.29
"2399",0.2
"2400",0.11
"2401",0.23
"2402",0.3
"2403",0.17
"2404",0.11
"2405",0.31
"2406",0.15
"2407",0.22
"2408",0.24
"2409",0.69
"2410",0.16
"2411",0.22
"2412",0.9
"2413",0.24
"2414",0.18
"2415",0.68
"2416",0.1
"2417",0.12
"2418",0.11
"2419",0.15
"2420",0.08
"2421",0.17
"2422",0.08
"2423",0.09
"2424",0.09
"2425",0.49
"2426",0.11
"2427",0.05
"2428",0.07
"2429",0.09
"2430",0.27
"2431",0.19
"2432",0.08
"2433",0.11
"2434",0.07
"2435",0.16
"2436",0.12
"2437",0.52
"2438",0.03
"2439",0.13
"2440",0.16
"2441",0.44
"2442",0.38
"2443",0.18
"2444",0.13
"2445",0.15
"2446",0.08
"2447",0.14
"2448",0.23
"2449",0.37
"2450",0.25
"2451",0.1
"2452",0.11
"2453",0.3
"2454",0.36
"2455",0.29
"2456",0.23
"2457",0.27
"2458",0.08
"2459",0.16
"2460",0.44
"2461",0.21
"2462",0.29
"2463",0.33
"2464",0.08
"2465",0.57
"2466",0.05
"2467",0.16
"2468",0.51
"2469",0.16
"2470",0.24
"2471",0.31
"2472",0.51
"2473",0.16
"2474",0.46
"2475",0.64
"2476",0.1
"2477",0.35
"2478",0.12
"2479",0.23
"2480",0.12
"2481",0.19
"2482",0.36
"2483",0.74
"2484",0.81
"2485",0.17
"2486",0.12
"2487",0.23
"2488",0.05
"2489",0.16
"2490",0.15
"2491",0.14
"2492",0.15
"2493",0.16
"2494",0.05
"2495",0.17
"2496",0.75
"2497",0.37
"2498",0.19
"2499",0.24
"2500",0.07
"2501",0.08
"2502",0.38
"2503",0.2
"2504",0.09
"2505",0.19
"2506",0.14
"2507",0.14
"2508",0.11
"2509",0.16
"2510",0.1
"2511",0.28
"2512",0.26
"2513",0.13
"2514",0.16
"2515",0.21
"2516",0.12
"2517",0.23
"2518",0.21
"2519",0.36
"2520",0.18
"2521",0.08
"2522",0.29
"2523",0.11
"2524",0.12
"2525",0.14
"2526",0.1
"2527",0.19
"2528",0.07
"2529",0.14
"2530",0.08
"2531",0.16
"2532",0.16
"2533",0.2
"2534",0.61
"2535",0.47
"2536",0.08
"2537",0.19
"2538",0.17
"2539",0.16
"2540",0.18
"2541",0.27
"2542",0.47
"2543",0.62
"2544",0.16
"2545",0.14
"2546",0.24
"2547",0.19
"2548",0.17
"2549",0.24
"2550",0.41
"2551",0.37
"2552",0.36
"2553",0.35
"2554",0.16
"2555",0.21
"2556",0.38
"2557",0.08
"2558",0.23
"2559",0.24
"2560",0.08
"2561",0.16
"2562",0.11
"2563",0.8
"2564",0.25
"2565",0.16
"2566",0.17
"2567",0.05
"2568",0.21
"2569",0.13
"2570",0.12
"2571",0.16
"2572",0.13
"2573",0.19
"2574",0.43
"2575",0.38
"2576",0.23
"2577",0.29
"2578",0.43
"2579",0.61
"2580",0.21
"2581",0.23
"2582",0.12
"2583",0.2
"2584",0.1
"2585",0.13
"2586",0.09
"2587",0.14
"2588",0.22
"2589",0.21
"2590",0.12
"2591",0.14
"2592",0.19
"2593",0.14
"2594",0.15
"2595",0.25
"2596",0.11
"2597",0.18
"2598",0.19
"2599",0.67
"2600",0.26
"2601",0.14
"2602",0.22
"2603",0.27
"2604",0.5
"2605",0.53
"2606",0.2
"2607",0.16
"2608",0.1
"2609",0.05
"2610",0.18
"2611",0.36
"2612",0.27
"2613",0.99
"2614",0.63
"2615",0.21
"2616",0.19
"2617",0.23
"2618",0.18
"2619",0.1
"2620",0.52
"2621",0.36
"2622",0.25
"2623",0.21
"2624",0.18
"2625",0.16
"2626",0.24
"2627",0.46
"2628",0.5
"2629",0.13
"2630",0.16
"2631",0.08
"2632",0.15
"2633",0.13
"2634",0.18
"2635",0.14
"2636",0.21
"2637",0.2
"2638",0.25
"2639",0.11
"2640",0.05
"2641",0.4
"2642",0.33
"2643",0.18
"2644",0.13
"2645",0.14
"2646",0.2
"2647",0.14
"2648",0.07
"2649",0.27
"2650",0.16
"2651",0.48
"2652",0.16
"2653",0.13
"2654",0.17
"2655",0.31
"2656",0.12
"2657",0.38
"2658",0.09
"2659",0.13
"2660",0.2
"2661",0.18
"2662",0.09
"2663",0.16
"2664",0.12
"2665",0.11
"2666",0.12
"2667",0.1
"2668",0.13
"2669",0.11
"2670",0.16
"2671",0.18
"2672",0.23
"2673",0.33
"2674",0.1
"2675",0.15
"2676",0.29
"2677",0.17
"2678",0.1
"2679",0.59
"2680",0.1
"2681",0.21
"2682",0.13
"2683",0.28
"2684",0.15
"2685",0.1
"2686",0.26
"2687",0.58
"2688",0.71
"2689",0.39
"2690",0.24
"2691",0.65
"2692",0.27
"2693",0.16
"2694",0.62
"2695",0.26
"2696",0.2
"2697",0.26
"2698",0.38
"2699",0.66
"2700",0.14
"2701",0.24
"2702",0.36
"2703",0.07
"2704",0.11
"2705",0.28
"2706",0.35
"2707",0.34
"2708",0.11
"2709",0.26
"2710",0.21
"2711",0.24
"2712",0.82
"2713",0.22
"2714",0.11
"2715",0.58
"2716",0.1
"2717",0.13
"2718",0.44
"2719",0.15
"2720",0.04
"2721",0.41
"2722",0.15
"2723",0.12
"2724",0.11
"2725",0.12
"2726",0.13
"2727",0.13
"2728",0.45
"2729",0.15
"2730",0.21
"2731",0.08
"2732",0.24
"2733",0.24
"2734",0.1
"2735",0.29
"2736",0.65
"2737",0.11
"2738",0.11
"2739",0.09
"2740",0.56
"2741",0.23
"2742",0.15
"2743",0.19
"2744",0.1
"2745",0.13
"2746",0.14
"2747",0.18
"2748",0.13
"2749",0.27
"2750",0.21
"2751",0.34
"2752",0.14
"2753",0.41
"2754",0.25
"2755",0.16
"2756",0.81
"2757",0.18
"2758",0.11
"2759",0.2
"2760",0.39
"2761",0.11
"2762",0.63
"2763",0.45
"2764",0.24
"2765",0.44
"2766",0.69
"2767",0.47
"2768",0.37
"2769",0.23
"2770",0.19
"2771",0.23
"2772",0.2
"2773",0.46
"2774",0.21
"2775",0.28
"2776",0.47
"2777",0.26
"2778",0.09
"2779",0.08
"2780",0.15
"2781",0.15
"2782",0.13
"2783",0.38
"2784",0.4
"2785",0.65
"2786",0.08
"2787",0.17
"2788",0.09
"2789",0.13
"2790",0.22
"2791",0.3
"2792",0.11
"2793",0.14
"2794",0.1
"2795",0.13
"2796",0.16
"2797",0.12
"2798",0.12
"2799",0.42
"2800",0.36
"2801",0.05
"2802",0.26
"2803",0.11
"2804",0.07
"2805",0.12
"2806",0.1
"2807",0.1
"2808",0.07
"2809",0.18
"2810",0.13
"2811",0.07
"2812",0.26
"2813",0.04
"2814",0.07
"2815",0.1
"2816",0.13
"2817",0.17
"2818",0.09
"2819",0.2
"2820",0.22
"2821",0.13
"2822",0.17
"2823",0.13
"2824",0.29
"2825",0.24
"2826",0.05
"2827",0.1
"2828",0.13
"2829",0.06
"2830",0.1
"2831",0.16
"2832",0.43
"2833",0.15
"2834",0.22
"2835",0.02
"2836",0.21
"2837",0.47
"2838",0.17
"2839",0.14
"2840",0.22
"2841",0.3
"2842",0.14
"2843",0.18
"2844",0.15
"2845",0.14
"2846",0.65
"2847",0.4
"2848",0.48
"2849",0.27
"2850",0.11
"2851",0.14
"2852",0.15
"2853",0.21
"2854",0.17
"2855",0.13
"2856",0.12
"2857",0.11
"2858",0.12
"2859",0.2
"2860",0.53
"2861",0.06
"2862",0.14
"2863",0.26
"2864",0.16
"2865",0.17
"2866",0.13
"2867",0.08
"2868",0.18
"2869",0.31
"2870",0.15
"2871",0.19
"2872",0.21
"2873",0.29
"2874",0.29
"2875",0.51
"2876",0.15
"2877",0.49
"2878",0.23
"2879",0.14
"2880",0.03
"2881",0.11
"2882",0.07
"2883",0.33
"2884",0.98
"2885",0.17
"2886",0.13
"2887",0.14
"2888",0.12
"2889",0.19
"2890",0.06
"2891",0.3
"2892",0.21
"2893",0.1
"2894",0.1
"2895",0.21
"2896",0.27
"2897",0.21
"2898",0.36
"2899",0.12
"2900",0.44
"2901",0.22
"2902",0.48
"2903",0.12
"2904",0.27
"2905",0.59
"2906",0.28
"2907",0.7
"2908",0.5
"2909",0.19
"2910",0.33
"2911",0.26
"2912",0.15
"2913",0.14
"2914",0.15
"2915",0.1
"2916",0.17
"2917",0.3
"2918",0.27
"2919",0.22
"2920",0.31
"2921",0.88
"2922",0.5
"2923",0.22
"2924",0.3
"2925",0.21
"2926",0.99
"2927",0.16
"2928",0.29
"2929",0.14
"2930",0.25
"2931",0.16
"2932",0.25
"2933",0.12
"2934",0.4
"2935",0.41
"2936",0.08
"2937",0.12
"2938",0.05
"2939",0.16
"2940",0.14
"2941",0.1
"2942",0.22
"2943",0.34
"2944",0.47
"2945",0.25
"2946",0.22
"2947",0.06
"2948",0.1
"2949",0.22
"2950",0.26
"2951",0.1
"2952",0.14
"2953",0.09
"2954",0.08
"2955",0.18
"2956",0.08
"2957",0.14
"2958",0.1
"2959",0.54
"2960",0.16
"2961",0.15
"2962",0.16
"2963",0.36
"2964",0.55
"2965",0.22
"2966",0.12
"2967",0.18
"2968",0.09
"2969",0.24
"2970",0.2
"2971",0.16
"2972",0.46
"2973",0.1
"2974",0.17
"2975",0.34
"2976",0.31
"2977",0.18
"2978",0.29
"2979",0.16
"2980",0.15
"2981",0.57
"2982",0.26
"2983",0.31
"2984",0.18
"2985",0.3
"2986",0.14
"2987",0.36
"2988",0.28
"2989",0.47
"2990",0.16
"2991",0.21
"2992",0.47
"2993",0.25
"2994",0.11
"2995",0.31
"2996",0.23
"2997",0.45
"2998",0.17
"2999",0.15
"3000",0.41
"3001",0.11
"3002",0.25
"3003",0.68
"3004",0.18
"3005",0.52
"3006",0.16
"3007",0.33
"3008",0.08
"3009",0.15
"3010",0.11
"3011",0.12
"3012",0.12
"3013",0.27
"3014",0.1
"3015",0.2
"3016",0.26
"3017",0.23
"3018",0.11
"3019",0.22
"3020",0.17
"3021",0.2
"3022",0.27
"3023",0.17
"3024",0.16
"3025",0.14
"3026",0.07
"3027",0.39
"3028",0.07
"3029",0.06
"3030",0.38
"3031",0.08
"3032",0.17
"3033",0.09
"3034",0.21
"3035",0.14
"3036",0.21
"3037",0.12
"3038",0.42
"3039",0.17
"3040",0.14
"3041",0.17
"3042",0.44
"3043",0.26
"3044",0.14
"3045",0.07
"3046",0.17
"3047",0.13
"3048",0.16
"3049",0.1
"3050",0.15
"3051",0.44
"3052",0.14
"3053",0.09
"3054",0.17
"3055",0.21
"3056",0.26
"3057",0.2
"3058",0.5
"3059",0.19
"3060",0.44
"3061",0.26
"3062",0.72
"3063",0.32
"3064",0.37
"3065",0.3
"3066",0.25
"3067",0.55
"3068",0.09
"3069",0.18
"3070",0.15
"3071",0.23
"3072",0.21
"3073",0.17
"3074",0.22
"3075",0.1
"3076",0.43
"3077",0.18
"3078",0.28
"3079",0.18
"3080",0.66
"3081",0.24
"3082",0.11
"3083",0.78
"3084",0.1
"3085",0.18
"3086",0.17
"3087",0.24
"3088",0.16
"3089",0.45
"3090",0.15
"3091",0.47
"3092",0.1
"3093",0.03
"3094",0.17
"3095",0.34
"3096",0.07
"3097",0.1
"3098",0.09
"3099",0.12
"3100",0.11
"3101",0.13
"3102",0.26
"3103",0.08
"3104",0.2
"3105",0.05
"3106",0.13
"3107",0.08
"3108",0.06
"3109",0.13
"3110",0.15
"3111",0.13
"3112",0.12
"3113",0.22
"3114",0.63
"3115",0.15
"3116",0.15
"3117",0.11
"3118",0.12
"3119",0.15
"3120",0.29
"3121",0.12
"3122",0.14
"3123",0.24
"3124",0.07
"3125",0.2
"3126",0.32
"3127",0.15
"3128",0.1
"3129",0.17
"3130",0.23
"3131",0.18
"3132",0.14
"3133",0.44
"3134",0.07
"3135",0.24
"3136",0.16
"3137",0.82
"3138",0.15
"3139",0.2
"3140",0.21
"3141",0.13
"3142",0.3
"3143",0.33
"3144",0.19
"3145",0.47
"3146",0.34
"3147",0.17
"3148",0.22
"3149",0.14
"3150",0.45
"3151",0.42
"3152",0.17
"3153",0.17
"3154",0.14
"3155",0.19
"3156",0.45
"3157",0.13
"3158",0.3
"3159",0.14
"3160",0.27
